alex,QUo4NU1ZMixSRTJQSDlMLDhLRjMwSVEsTEoyVE81VCxPTjE4UDBKLEQ5MFJNNDEsTDNEMTgyVyxIMEwzMlBOLEdSN0xYNDMsUjQ1VEg1MCxWVzVaMTFHLFBJMDVOWFYsSDRXMUYzVSxaRjJPQTM5LFIwQjFONjYsUjMwRDU5MA==
maksim,TjRTMTAzWCxNU0YzM0UyLFUwOUZDMzgsVFk1NE5ZNCxIMEwzMlBOLEtQM1pVOEMsVFI2TThYWixSNDVUSDUwLEg0VzFGM1UsUjBCMU42NixENU1DMzNGLFBCNVk3MU0sQTNXVDRCWixDUjU2VDJILDI1REJGOTNMLFVUM0w4SUg=
kaan,UkUyUEg5TCxMSjJUTzVULEg0VzFGM1UsVUk5ODVUMyw1M0RTOTBQLFVMNDdKMDksNjhIUDNUNCxUUjZNOFhaLEs3NlhDNDMsUjQ1VEg1MCxQSTA1TlhWLFpGMk9BMzksUjBCMU42NixENU1DMzNGLEEzV1Q0QlosT04xOFAwSg==
jeff,R1Y1MUMwSixLNzZYQzQzLEQ1TUMzM0YsQTNXVDRCWiwyNURCRjkzTCxEOTBSTTQxLFVUM0w4SUgsTUs0MUQ2SSxVMDlGQzM4LDZDNzhZNFMsSDBMMzJQTixSRTJQSDlMLEtQM1pVOEMsVFI2TThYWixHUjdMWDQzLFI0NVRINTA=
greg,Q1I1NlQySCw2RDVaQTAyLE1TRjMzRTIsUzFHNTVYQSxZMTg3TU9ZLFUwOUZDMzgsMjROOEEwSiw3OFJVMkdCLFBCNVk3MU0sUDVSUzA5RCxVQzU4RVM0LFA4OUJIMzIsUkUyUEg5TCxSNDVUSDUwLExKMlRPNVQsUEkwNU5YVg==
mark,RDkwUk00MSwzRkkyQ1pYLFkxODdNT1ksMUJHOThLQixNQzMzRzRDUyxZVjFHNDdFLEgwTDMyUE4sUkUyUEg5TCxLUDNaVThDLEs3NlhDNDMsR1I3TFg0MyxWVzVaMTFHLExKMlRPNVQsSDRXMUYzVSxONFMxMDNYLDBGTjMyVVk=
jeeve,VVQzTDhJSCxHVjUxQzBKLElZSllLM0IsTEoyVE81VCxINFcxRjNVLFpGMk9BMzksRDVNQzMzRixBM1dUNEJaLFVJOTg1VDMsVFk1NE5ZNCxEMEEyNEUxLDZDNzhZNFMsSzc2WEM0MyxUUjZNOFhaLFZXNVoxMUcsUjBCMU42Ng==
12345678,Vlc1WjExRywwRk4zMlVZLEQ5MFJNNDEsMjVEQkY5M0wsTUs0MUQ2SSw5UEgxMkI1LFUwOUZDMzgsSDBMMzJQTiw4S0YzMElRLEtQM1pVOEMsVFI2TThYWixLNzZYQzQzLEdSN0xYNDMsTEoyVE81VCxINFcxRjNVLE40UzEwM1g=
aidan,UjQ1VEg1MCxINFcxRjNVLE1TRjMzRTIsVFk1NE5ZNCw3Qkk0UjJILFJGMjFXUk0sU001N1E4OCxNM1I2VjlMLDc4UlUyR0IsVFI2TThYWixFMTJSMzQ1LDBRN0pNRkgsNFNQSFUwOCw1Q0wyM0ZMLFA4OUJIMzIsSDBMMzJQTg==
maksim1,UjQ1VEg1MCxINFcxRjNVLE1TRjMzRTIsRDVNQzMzRixBM1dUNEJaLFVUM0w4SUgsUzFHNTVYQSxUWTU0Tlk0LE0zUjZWOUwsVFI2TThYWixDUjU2VDJILEUxMlIzNDUsMFE3Sk1GSCw0U1BIVTA4LDZENVpBMDIsSDBMMzJQTg==
